ID,Method,Buffer Size,Hop size,Min IOI,Silence Threshold,Onset Threshold,,Global Accuracy,Global Precision,Global Recall,Global f1,,MAvg_pp Accuracy,MAvg_pp Precision,MAvg_pp Recall,MAvg_pp f1,,MAvg_t Accuracy,MAvg_t Precision,MAvg_t Recall,MAvg_t f1,,Piano Accuracy,Piano Precision,Piano Recall,,Mezzoforte Accuracy,Mezzoforte Precision,Mezzoforte Recall,,Forte Accuracy,Forte Precision,Forte Recall,,Adj Min (ms),Avg (ms),Adj Max (ms),Percentage in Adj min-max,MAvg_t Mean,MAvg_t IQR,MAvg_t Var,MAvg_t SD,MAvg_t loTukeyFence,MAvg_t hiTukeyFence,MAvg_t percentageIn,,Logfile name
0,hfc,64,64,0.02,-48,0.75,,0.1015,0.1041,0.8072,0.1844,,0.1810,0.1832,0.8540,0.2925,,0.2029,0.2049,0.8459,0.3114,,0.0937,0.0959,0.8033,,0.0892,0.0912,0.8022,,0.1290,0.1329,0.8160,,0.67,5.08,8.40,0.9021,4.8055,1.4185,6.4389,2.2495,1.5144,7.1883,0.8842,,./results/res_hfc_64_64_-48.0_0.75_0.02.log
1,hfc,64,64,0.02,-20,0.75,,0.1144,0.1172,0.8268,0.2054,,0.2083,0.2107,0.8695,0.3270,,0.2384,0.2404,0.8619,0.3520,,0.1068,0.1094,0.8197,,0.0990,0.1013,0.8133,,0.1456,0.1496,0.8470,,0.73,4.98,8.24,0.9062,4.6708,1.3967,5.6622,2.1295,1.4859,7.0726,0.8994,,./results/res_hfc_64_64_-20.0_0.75_0.02.log
2,hfc,64,64,0.02,-10,0.75,,0.1276,0.1305,0.8532,0.2263,,0.2337,0.2361,0.8898,0.3579,,0.2717,0.2739,0.8864,0.3886,,0.1231,0.1257,0.8548,,0.1067,0.1092,0.8267,,0.1631,0.1669,0.8780,,0.73,4.99,8.36,0.9056,4.6986,1.4346,5.4665,2.1091,1.4322,7.1706,0.8984,,./results/res_hfc_64_64_-10.0_0.75_0.02.log
3,hfc,64,64,0.02,-10,3,,0.3303,0.5424,0.4578,0.4965,,0.4683,0.5832,0.5908,0.5808,,0.4828,0.6044,0.5990,0.5888,,0.3408,0.5590,0.4660,,0.3502,0.5498,0.4911,,0.3003,0.5179,0.4169,,0.22,2.70,5.05,0.9688,2.7137,0.8332,0.6356,0.7539,1.0626,4.3952,0.9475,,./results/res_hfc_64_64_-10.0_3.0_0.02.log
4,hfc,64,64,0.02,-30,3,,0.2560,0.3694,0.4548,0.4077,,0.3901,0.4493,0.5880,0.5090,,0.4026,0.4558,0.5949,0.5104,,0.2526,0.3568,0.4637,,0.2746,0.3812,0.4956,,0.2398,0.3697,0.4058,,0.22,2.70,5.05,0.9669,2.7116,0.8370,0.6403,0.7541,1.0499,4.3978,0.9480,,./results/res_hfc_64_64_-30.0_3.0_0.02.log
5,hfc,64,64,0.02,-30,3.6,,0.2725,0.4416,0.4157,0.4282,,0.4143,0.5072,0.5500,0.5255,,0.4254,0.5154,0.5534,0.5261,,0.2938,0.4745,0.4356,,0.2861,0.4410,0.4489,,0.2387,0.4100,0.3636,,0.05,1.80,3.50,0.9565,1.8425,0.7953,0.4452,0.6416,0.2342,3.4152,0.9723,,./results/res_hfc_64_64_-30.0_3.6_0.02.log
6,hfc,64,64,0.02,-40,3.6,,0.2544,0.3967,0.4149,0.4056,,0.3920,0.4702,0.5495,0.5055,,0.4064,0.4816,0.5529,0.5081,,0.2723,0.4208,0.4356,,0.2683,0.4000,0.4489,,0.2233,0.3688,0.3614,,0.05,1.80,3.50,0.9564,1.8443,0.7963,0.4470,0.6428,0.2321,3.4174,0.9719,,./results/res_hfc_64_64_-40.0_3.6_0.02.log
7,hfc,64,64,0.02,-10,3.6,,0.3207,0.5855,0.4149,0.4857,,0.4597,0.6088,0.5495,0.5672,,0.4718,0.6330,0.5529,0.5697,,0.3503,0.6414,0.4356,,0.3361,0.5836,0.4422,,0.2790,0.5355,0.3681,,0.05,1.80,3.50,0.9583,1.8424,0.7912,0.4394,0.6387,0.2431,3.4079,0.9723,,./results/res_hfc_64_64_-10.0_3.6_0.02.log
8,hfc,64,64,0.02,-20,2,,0.3206,0.4112,0.5926,0.4855,,0.4502,0.4985,0.6994,0.5820,,0.4569,0.5021,0.7089,0.5805,,0.2887,0.3801,0.5457,,0.3059,0.3900,0.5867,,0.3694,0.4647,0.6430,,0.96,3.85,6.25,0.9136,3.8092,1.2001,2.9146,1.4248,1.2420,6.0425,0.9269,,./results/res_hfc_64_64_-20.0_2.0_0.02.log
9,hfc,64,64,0.02,-20,2.2,,0.3088,0.4130,0.5505,0.4719,,0.4501,0.5032,0.6685,0.5742,,0.4568,0.5062,0.6791,0.5730,,0.2853,0.3874,0.5199,,0.3018,0.3956,0.5600,,0.3408,0.4589,0.5698,,0.99,3.58,5.77,0.9207,3.6224,1.0578,2.4896,1.3125,1.3465,5.5777,0.9335,,./results/res_hfc_64_64_-20.0_2.2_0.02.log
10,hfc,64,64,0.02,-5,0.1,,0.0494,0.0496,0.9006,0.0941,,0.1310,0.1316,0.9231,0.2190,,0.1572,0.1577,0.9208,0.2497,,0.0482,0.0484,0.9063,,0.0448,0.0450,0.9067,,0.0567,0.0571,0.8891,,0.30,6.12,11.12,0.8921,5.5893,2.1589,9.4673,2.7375,0.7755,9.4113,0.8965,,./results/res_hfc_64_64_-5.0_0.1_0.02.log
11,hfc,64,64,0.02,-5,1,,0.2292,0.2372,0.8712,0.3729,,0.3487,0.3557,0.9006,0.4930,,0.3869,0.3939,0.8991,0.5157,,0.2292,0.2409,0.8244,,0.1879,0.1943,0.8511,,0.2863,0.2920,0.9357,,0.84,4.86,8.10,0.9170,4.5514,1.3843,5.0207,2.0171,1.4181,6.9552,0.9067,,./results/res_hfc_64_64_-5.0_1.0_0.02.log
12,hfc,64,64,0.02,-5,2,,0.4775,0.7140,0.5904,0.6463,,0.5933,0.7466,0.6908,0.7118,,0.6078,0.7567,0.7058,0.7228,,0.4154,0.6990,0.5059,,0.4754,0.6959,0.6000,,0.5379,0.7431,0.6608,,1.05,3.88,6.25,0.9120,3.8121,1.1944,2.8182,1.4003,1.2386,6.0162,0.9336,,./results/res_hfc_64_64_-5.0_2.0_0.02.log
13,hfc,64,64,0.02,-5,3,,0.3791,0.6984,0.4533,0.5498,,0.5112,0.7059,0.5827,0.6207,,0.5225,0.7308,0.5908,0.6257,,0.3848,0.7273,0.4496,,0.4059,0.6959,0.4933,,0.3469,0.6738,0.4169,,0.61,2.70,5.01,0.9651,2.7037,0.8131,0.6120,0.7417,1.0944,4.3467,0.9501,,./results/res_hfc_64_64_-5.0_3.0_0.02.log
14,hfc,64,64,0.02,-7,2,,0.4409,0.6293,0.5956,0.6120,,0.5634,0.6758,0.7002,0.6848,,0.5692,0.6747,0.7121,0.6868,,0.4007,0.6162,0.5340,,0.4270,0.6059,0.5911,,0.4934,0.6629,0.6585,,1.05,3.86,6.20,0.9115,3.8030,1.2001,2.8494,1.4208,1.2326,6.0331,0.9319,,./results/res_hfc_64_64_-7.0_2.0_0.02.log
15,hfc,64,64,0.02,-7,2.5,,0.3988,0.6607,0.5015,0.5702,,0.5375,0.6875,0.6285,0.6463,,0.5422,0.6878,0.6360,0.6465,,0.3836,0.6519,0.4824,,0.4155,0.6667,0.5244,,0.3965,0.6627,0.4967,,0.93,3.27,5.33,0.9324,3.3196,0.9457,1.8214,1.1469,1.3159,5.0989,0.9357,,./results/res_hfc_64_64_-7.0_2.5_0.02.log
16,hfc,64,64,0.02,-3,2,,0.4797,0.8079,0.5414,0.6483,,0.5855,0.8296,0.6325,0.7088,,0.5986,0.8361,0.6462,0.7195,,0.3522,0.7706,0.3934,,0.4971,0.8109,0.5622,,0.5809,0.8278,0.6608,,0.89,3.97,6.33,0.9110,3.8703,1.2092,3.3007,1.5322,1.2327,6.0696,0.9336,,./results/res_hfc_64_64_-3.0_2.0_0.02.log
17,hfc,64,64,0.02,-3,3,,0.3798,0.8120,0.4164,0.5505,,0.4960,0.8099,0.5280,0.6158,,0.5041,0.8511,0.5340,0.6201,,0.3428,0.8351,0.3677,,0.4188,0.8101,0.4644,,0.3747,0.7957,0.4146,,0.61,2.68,4.96,0.9620,2.7041,0.7609,0.5454,0.6990,1.1854,4.2290,0.9486,,./results/res_hfc_64_64_-3.0_3.0_0.02.log
18,hfc,128,64,0.02,-5,2.5,,0.4307,0.7398,0.5075,0.6021,,0.5705,0.7574,0.6314,0.6744,,0.5848,0.7801,0.6456,0.6871,,0.3862,0.7451,0.4450,,0.4333,0.7222,0.5200,,0.4690,0.7530,0.5543,,1.72,3.47,5.19,0.9184,3.4995,0.8003,0.6410,0.7337,1.8947,5.0958,0.9467,,./results/res_hfc_128_64_-5.0_2.5_0.02.log
19,hfc,128,64,0.02,-5,2,,0.4561,0.6772,0.5828,0.6265,,0.5516,0.6983,0.6854,0.6832,,0.5865,0.7304,0.7092,0.7061,,0.3992,0.6796,0.4918,,0.4367,0.6359,0.5822,,0.5289,0.7156,0.6696,,1.93,3.86,5.82,0.9134,3.8312,0.9102,1.0300,0.9223,2.0219,5.6628,0.9485,,./results/res_hfc_128_64_-5.0_2.0_0.02.log
20,hfc,128,64,0.02,-6,1.9,,0.4523,0.6323,0.6137,0.6229,,0.5432,0.6601,0.7110,0.6795,,0.5745,0.6897,0.7326,0.7002,,0.4145,0.6496,0.5340,,0.4245,0.5921,0.6000,,0.5146,0.6577,0.7029,,1.91,3.92,5.95,0.9043,3.8751,0.9403,1.1866,0.9989,2.0256,5.7867,0.9425,,./results/res_hfc_128_64_-6.0_1.9_0.02.log
21,hfc,128,64,0.02,-7,2,,0.4252,0.6025,0.5911,0.5967,,0.5309,0.6398,0.6955,0.6625,,0.5525,0.6547,0.7172,0.6745,,0.3841,0.5952,0.5199,,0.4003,0.5637,0.5800,,0.4903,0.6467,0.6696,,1.93,3.86,5.78,0.9108,3.8300,0.9077,1.0617,0.9493,2.0235,5.6543,0.9478,,./results/res_hfc_128_64_-7.0_2.0_0.02.log
22,hfc,128,64,0.02,-20,3,,0.3064,0.4675,0.4706,0.4690,,0.4567,0.5366,0.6056,0.5672,,0.4628,0.5401,0.6112,0.5663,,0.3088,0.4729,0.4707,,0.3164,0.4647,0.4978,,0.2937,0.4651,0.4435,,1.31,3.05,4.84,0.9296,3.0880,0.7093,0.5376,0.6773,1.6957,4.5331,0.9443,,./results/res_hfc_128_64_-20.0_3.0_0.02.log
23,hfc,128,64,0.02,-40,3,,0.2524,0.3534,0.4691,0.4031,,0.3873,0.4361,0.6046,0.5065,,0.3996,0.4443,0.6103,0.5074,,0.2478,0.3436,0.4707,,0.2612,0.3569,0.4933,,0.2478,0.3597,0.4435,,1.31,3.05,4.84,0.9294,3.0843,0.7097,0.5437,0.6799,1.6913,4.5299,0.9442,,./results/res_hfc_128_64_-40.0_3.0_0.02.log
24,hfc,128,64,0.02,-40,2,,0.2477,0.3042,0.5715,0.3971,,0.3571,0.3868,0.6829,0.4934,,0.3751,0.4024,0.6967,0.4983,,0.2178,0.2720,0.5222,,0.2238,0.2749,0.5467,,0.3082,0.3718,0.6430,,1.85,3.83,5.82,0.9157,3.8157,0.9410,1.1041,0.9678,1.9522,5.7160,0.9484,,./results/res_hfc_128_64_-40.0_2.0_0.02.log
25,hfc,128,64,0.02,-40,1,,0.2076,0.2218,0.7643,0.3438,,0.2556,0.2645,0.8240,0.3990,,0.2736,0.2819,0.8095,0.4064,,0.1730,0.1865,0.7049,,0.2036,0.2156,0.7844,,0.2549,0.2722,0.8004,,2.02,4.70,7.21,0.9143,4.4698,0.9340,1.9159,1.2439,2.5841,6.3201,0.9184,,./results/res_hfc_128_64_-40.0_1.0_0.02.log
26,hfc,128,64,0.02,-15,3,,0.3245,0.5136,0.4684,0.4900,,0.4770,0.5728,0.6033,0.5843,,0.4839,0.5777,0.6091,0.5849,,0.3273,0.5208,0.4684,,0.3374,0.5163,0.4933,,0.3086,0.5038,0.4435,,1.31,3.05,4.84,0.9293,3.0865,0.7096,0.5390,0.6776,1.6934,4.5319,0.9441,,./results/res_hfc_128_64_-15.0_3.0_0.02.log
27,hfc,128,64,0.02,-15,3.5,,0.3156,0.5439,0.4292,0.4798,,0.4618,0.5833,0.5661,0.5678,,0.4739,0.5962,0.5715,0.5715,,0.3351,0.5719,0.4473,,0.3350,0.5520,0.4600,,0.2783,0.5074,0.3814,,0.81,2.35,3.84,0.9263,2.4007,0.6331,0.3988,0.5793,1.1526,3.6848,0.9617,,./results/res_hfc_128_64_-15.0_3.5_0.02.log
28,hfc,256,64,0.02,-40,3,,0.2802,0.4069,0.4736,0.4377,,0.4324,0.4893,0.6127,0.5435,,0.4374,0.4912,0.6185,0.5417,,0.2745,0.3953,0.4731,,0.2874,0.4093,0.4911,,0.2784,0.4162,0.4568,,2.08,3.55,5.10,0.8935,3.6063,0.7423,0.6492,0.7503,2.1477,5.1168,0.9435,,./results/res_hfc_256_64_-40.0_3.0_0.02.log
29,hfc,256,64,0.02,-30,3,,0.3083,0.4674,0.4752,0.4712,,0.4695,0.5425,0.6138,0.5744,,0.4728,0.5420,0.6194,0.5723,,0.3071,0.4645,0.4754,,0.3194,0.4754,0.4933,,0.2981,0.4619,0.4568,,2.08,3.56,5.10,0.8922,3.6098,0.7403,0.6427,0.7461,2.1533,5.1144,0.9464,,./results/res_hfc_256_64_-30.0_3.0_0.02.log
30,hfc,256,64,0.02,-20,3,,0.3367,0.5323,0.4782,0.5038,,0.5066,0.5988,0.6160,0.6043,,0.5094,0.5997,0.6211,0.6029,,0.3418,0.5486,0.4754,,0.3462,0.5321,0.4978,,0.3225,0.5174,0.4612,,2.08,3.56,5.10,0.8929,3.6076,0.7476,0.6402,0.7446,2.1373,5.1277,0.9490,,./results/res_hfc_256_64_-20.0_3.0_0.02.log
31,hfc,256,64,0.02,-15,3,,0.3537,0.5793,0.4759,0.5225,,0.5243,0.6338,0.6136,0.6186,,0.5278,0.6357,0.6190,0.6182,,0.3577,0.5982,0.4707,,0.3651,0.5842,0.4933,,0.3387,0.5573,0.4634,,2.08,3.55,5.10,0.8940,3.6021,0.7559,0.6472,0.7491,2.1165,5.1401,0.9461,,./results/res_hfc_256_64_-15.0_3.0_0.02.log
32,hfc,256,64,0.02,-15,3.5,,0.3345,0.6133,0.4239,0.5013,,0.4992,0.6392,0.5672,0.5905,,0.5042,0.6540,0.5678,0.5890,,0.3608,0.6667,0.4403,,0.3505,0.6071,0.4533,,0.2948,0.5700,0.3792,,1.33,2.74,4.13,0.9041,2.8048,0.6597,0.4548,0.6205,1.4996,4.1382,0.9464,,./results/res_hfc_256_64_-15.0_3.5_0.02.log
33,hfc,256,64,0.02,-20,3.6,,0.3202,0.5930,0.4104,0.4851,,0.4734,0.6174,0.5505,0.5716,,0.4792,0.6265,0.5490,0.5664,,0.3467,0.6500,0.4262,,0.3454,0.6036,0.4467,,0.2723,0.5294,0.3592,,0.93,2.37,3.74,0.8972,2.4388,0.6420,0.4130,0.5947,1.1665,3.7345,0.9506,,./results/res_hfc_256_64_-20.0_3.6_0.02.log
34,hfc,256,64,0.02,-5,1,,0.4566,0.5058,0.8245,0.6270,,0.4883,0.5223,0.8707,0.6526,,0.5193,0.5591,0.8591,0.6662,,0.4276,0.5065,0.7330,,0.4536,0.4869,0.8689,,0.4863,0.5255,0.8670,,2.73,5.55,8.30,0.9251,5.3038,0.9315,1.7987,1.2195,3.4414,7.1674,0.9064,,./results/res_hfc_256_64_-5.0_1.0_0.02.log
35,hfc,256,64,0.02,-5,2,,0.4587,0.7231,0.5565,0.6289,,0.5791,0.7432,0.6714,0.6938,,0.6034,0.7620,0.6918,0.7111,,0.4052,0.7329,0.4754,,0.4527,0.7135,0.5533,,0.5125,0.7247,0.6364,,2.73,4.38,6.18,0.8877,4.3808,0.8621,1.0147,0.9098,2.7201,6.1683,0.9296,,./results/res_hfc_256_64_-5.0_2.0_0.02.log
36,hfc,256,64,0.02,-5,2.5,,0.4287,0.7716,0.4910,0.6001,,0.5643,0.7746,0.6209,0.6671,,0.5854,0.7980,0.6408,0.6849,,0.3830,0.7676,0.4333,,0.4344,0.7679,0.5000,,0.4654,0.7781,0.5366,,2.45,4.01,5.69,0.9003,4.0500,0.7970,0.7484,0.7887,2.4972,5.6850,0.9457,,./results/res_hfc_256_64_-5.0_2.5_0.02.log
37,hfc,256,64,0.02,-7,1.5,,0.4373,0.5687,0.6544,0.6085,,0.5432,0.6206,0.7465,0.6771,,0.5628,0.6374,0.7617,0.6865,,0.4226,0.6005,0.5878,,0.4008,0.5132,0.6467,,0.4903,0.6022,0.7251,,2.76,4.86,7.07,0.8849,4.7679,0.9697,1.4391,1.1037,2.8774,6.7561,0.9128,,./results/res_hfc_256_64_-7.0_1.5_0.02.log
38,hfc,256,64,0.02,-7,1.8,,0.4338,0.6164,0.5941,0.6051,,0.5502,0.6584,0.7005,0.6752,,0.5717,0.6722,0.7206,0.6880,,0.4143,0.6356,0.5433,,0.4100,0.5809,0.5822,,0.4758,0.6358,0.6541,,2.87,4.57,6.40,0.8771,4.5343,0.9214,1.3814,1.0695,2.7331,6.4186,0.9153,,./results/res_hfc_256_64_-7.0_1.8_0.02.log
39,hfc,512,64,0.02,-5,2,,0.4593,0.8129,0.5136,0.6294,,0.6140,0.8208,0.6441,0.7017,,0.6297,0.8331,0.6618,0.7161,,0.4295,0.8534,0.4637,,0.4436,0.8029,0.4978,,0.5010,0.7927,0.5765,,3.46,5.06,6.80,0.8871,5.0838,0.8289,0.9781,0.9099,3.5105,6.8260,0.9155,,./results/res_hfc_512_64_-5.0_2.0_0.02.log
40,hfc,512,64,0.02,-8,2,,0.4278,0.7077,0.5196,0.5992,,0.5906,0.7411,0.6485,0.6822,,0.6031,0.7536,0.6653,0.6939,,0.4138,0.7556,0.4778,,0.4025,0.6657,0.5044,,0.4658,0.7115,0.5743,,3.46,5.04,6.80,0.8826,5.0647,0.8147,1.0592,0.9392,3.5319,6.7908,0.9110,,./results/res_hfc_512_64_-8.0_2.0_0.02.log
41,hfc,512,64,0.02,-7,2.2,,0.4215,0.7435,0.4932,0.5930,,0.5880,0.7613,0.6289,0.6737,,0.6018,0.7864,0.6430,0.6873,,0.4313,0.8160,0.4778,,0.4100,0.7129,0.4911,,0.4244,0.7165,0.5100,,3.50,4.84,6.40,0.8763,4.8751,0.7293,0.8850,0.8658,3.4675,6.3849,0.9103,,./results/res_hfc_512_64_-7.0_2.2_0.02.log
42,hfc,512,64,0.02,-7,3,,0.3916,0.7744,0.4420,0.5628,,0.5581,0.7647,0.5879,0.6388,,0.5557,0.7773,0.5855,0.6326,,0.4065,0.8326,0.4426,,0.4110,0.7749,0.4667,,0.3595,0.7231,0.4169,,2.43,3.92,5.47,0.8978,4.0093,0.7319,0.5749,0.6900,2.5464,5.4742,0.9687,,./results/res_hfc_512_64_-7.0_3.0_0.02.log
43,hfc,512,64,0.02,-4,2,,0.4561,0.8365,0.5008,0.6265,,0.6083,0.8401,0.6300,0.6974,,0.6239,0.8487,0.6472,0.7120,,0.3969,0.8619,0.4239,,0.4562,0.8453,0.4978,,0.5088,0.8125,0.5765,,3.46,5.05,6.80,0.8872,5.0858,0.8273,0.9809,0.9088,3.5143,6.8233,0.9224,,./results/res_hfc_512_64_-4.0_2.0_0.02.log
44,hfc,512,64,0.02,-4,1.8,,0.4708,0.8262,0.5226,0.6402,,0.6160,0.8368,0.6450,0.7101,,0.6332,0.8402,0.6652,0.7248,,0.4152,0.8527,0.4473,,0.4511,0.8159,0.5022,,0.5400,0.8171,0.6142,,3.73,5.26,7.05,0.8890,5.2769,0.8352,0.9999,0.9280,3.6748,7.0157,0.9174,,./results/res_hfc_512_64_-4.0_1.8_0.02.log
45,hfc,512,64,0.02,-20,3,,0.3516,0.6189,0.4488,0.5203,,0.5376,0.6609,0.5942,0.6179,,0.5350,0.6631,0.5910,0.6111,,0.3760,0.6855,0.4543,,0.3629,0.6086,0.4733,,0.3193,0.5727,0.4191,,2.39,3.93,5.47,0.8977,4.0111,0.7268,0.5786,0.6914,2.5579,5.4649,0.9682,,./results/res_hfc_512_64_-20.0_3.0_0.02.log
46,hfc,1024,64,0.02,-20,3,,0.3471,0.6881,0.4119,0.5153,,0.5392,0.6877,0.5684,0.6052,,0.5382,0.6968,0.5673,0.6014,,0.3704,0.7531,0.4215,,0.3686,0.7117,0.4333,,0.3066,0.6099,0.3814,,2.61,4.16,5.76,0.8940,4.2852,0.6878,0.5634,0.6577,2.9187,5.6700,0.9609,,./results/res_hfc_1024_64_-20.0_3.0_0.02.log
47,hfc,1024,64,0.02,-5,2,,0.4195,0.8491,0.4533,0.5911,,0.5815,0.8318,0.5988,0.6603,,0.5899,0.8490,0.6076,0.6688,,0.4161,0.9029,0.4356,,0.4318,0.8601,0.4644,,0.4107,0.7962,0.4590,,4.02,5.57,7.21,0.8904,5.6675,0.7512,0.7104,0.7857,4.1588,7.1638,0.9414,,./results/res_hfc_1024_64_-5.0_2.0_0.02.log
48,hfc,1024,64,0.02,-5,1.8,,0.4225,0.8257,0.4639,0.5940,,0.5845,0.8150,0.6071,0.6654,,0.5938,0.8293,0.6175,0.6748,,0.4159,0.8826,0.4403,,0.4358,0.8392,0.4756,,0.4155,0.7698,0.4745,,4.27,5.82,7.47,0.8847,5.8988,0.7790,0.8064,0.8352,4.3517,7.4675,0.9266,,./results/res_hfc_1024_64_-5.0_1.8_0.02.log
49,hfc,2048,64,0.02,-20,3,,0.3274,0.7262,0.3735,0.4933,,0.5190,0.6822,0.5381,0.5757,,0.5194,0.6891,0.5389,0.5738,,0.3326,0.7670,0.3700,,0.3485,0.7619,0.3911,,0.3028,0.6585,0.3592,,2.85,4.28,5.77,0.8851,4.4813,0.7254,0.5587,0.6392,3.0133,5.9148,0.9640,,./results/res_hfc_2048_64_-20.0_3.0_0.02.log
50,hfc,2048,64,0.02,-10,2,,0.3655,0.7776,0.4081,0.5353,,0.5464,0.7441,0.5671,0.6116,,0.5517,0.7666,0.5730,0.6169,,0.3761,0.8398,0.4052,,0.3857,0.7854,0.4311,,0.3365,0.7172,0.3880,,4.29,5.85,7.47,0.8745,6.0139,0.7209,0.7901,0.7953,4.5656,7.4492,0.9357,,./results/res_hfc_2048_64_-10.0_2.0_0.02.log
51,hfc,2048,64,0.02,-5,2,,0.3754,0.8567,0.4006,0.5459,,0.5483,0.8101,0.5596,0.6135,,0.5547,0.8396,0.5662,0.6209,,0.3708,0.9016,0.3864,,0.4051,0.8889,0.4267,,0.3514,0.7883,0.3880,,4.29,5.86,7.42,0.8778,6.0332,0.7212,0.7022,0.7599,4.5730,7.4576,0.9407,,./results/res_hfc_2048_64_-5.0_2.0_0.02.log
52,hfc,2048,64,0.02,-5,1,,0.4400,0.8305,0.4834,0.6111,,0.5995,0.8286,0.6197,0.6835,,0.6112,0.8489,0.6303,0.6950,,0.4084,0.8768,0.4333,,0.4465,0.8308,0.4911,,0.4618,0.7973,0.5233,,4.61,8.11,11.56,0.8941,8.1940,1.8008,4.1991,1.8607,4.7339,11.9372,0.9194,,./results/res_hfc_2048_64_-5.0_1.0_0.02.log
53,hfc,2048,64,0.02,-5,0.3,,0.6780,0.8223,0.7944,0.8081,,0.7639,0.8641,0.8441,0.8539,,0.7764,0.8781,0.8500,0.8628,,0.5937,0.8545,0.6604,,0.6398,0.7677,0.7933,,0.7954,0.8525,0.9224,,8.60,12.45,17.53,0.9555,12.1704,1.8849,5.2028,2.0527,8.6218,16.1613,0.9259,,./results/res_hfc_2048_64_-5.0_0.3_0.02.log
54,hfc,2048,64,0.02,-5,0.1,,0.6964,0.7512,0.9051,0.8210,,0.7726,0.8159,0.9235,0.8636,,0.7810,0.8301,0.9185,0.8689,,0.6629,0.7719,0.8244,,0.6656,0.7145,0.9067,,0.7595,0.7714,0.9800,,7.27,13.42,19.85,0.9576,13.0123,2.3506,6.8661,2.3463,8.5865,17.9889,0.9295,,./results/res_hfc_2048_64_-5.0_0.1_0.02.log
55,energy,64,64,0.02,-5,2,,0.4133,0.6831,0.5113,0.5848,,0.5510,0.7066,0.6376,0.6588,,0.5587,0.7160,0.6471,0.6638,,0.3902,0.6624,0.4871,,0.4569,0.7439,0.5422,,0.3941,0.6449,0.5033,,2.45,3.89,5.37,0.8807,3.8771,0.7525,0.9817,0.8681,2.4001,5.4102,0.9255,,./results/res_energy_64_64_-5.0_2.0_0.02.log
56,energy,64,64,0.02,-8,2.5,,0.3569,0.5391,0.5136,0.5260,,0.5009,0.5960,0.6406,0.6144,,0.5001,0.5879,0.6469,0.6058,,0.3519,0.5388,0.5035,,0.3746,0.5525,0.5378,,0.3440,0.5257,0.4989,,2.04,3.59,5.23,0.8944,3.5623,0.7568,0.7539,0.8017,2.1034,5.1305,0.9323,,./results/res_energy_64_64_-8.0_2.5_0.02.log
57,energy,64,64,0.02,-4,1.8,,0.4262,0.7378,0.5023,0.5977,,0.5585,0.7493,0.6276,0.6663,,0.5724,0.7702,0.6409,0.6790,,0.3752,0.6996,0.4473,,0.4765,0.8020,0.5400,,0.4267,0.7104,0.5166,,2.54,4.02,5.50,0.8861,4.0092,0.7556,1.2811,0.9548,2.5145,5.5368,0.9309,,./results/res_energy_64_64_-4.0_1.8_0.02.log
58,energy,64,64,0.02,-3,1.5,,0.4280,0.7887,0.4834,0.5994,,0.5490,0.7955,0.5986,0.6641,,0.5625,0.8110,0.6122,0.6765,,0.3436,0.7389,0.3911,,0.4756,0.8478,0.5200,,0.4617,0.7724,0.5344,,2.65,4.16,5.68,0.9003,4.1726,0.7076,1.2603,0.9481,2.7790,5.6093,0.9191,,./results/res_energy_64_64_-3.0_1.5_0.02.log
59,energy,64,64,0.02,-4,1,,0.4390,0.6081,0.6122,0.6101,,0.5452,0.6489,0.7121,0.6761,,0.5587,0.6555,0.7262,0.6842,,0.4127,0.5763,0.5925,,0.4593,0.6323,0.6267,,0.4448,0.6150,0.6164,,2.78,4.54,6.20,0.8770,4.5154,0.8292,1.9807,1.1771,2.8544,6.1713,0.9126,,./results/res_energy_64_64_-4.0_1.0_0.02.log
60,energy,64,64,0.02,-4,1.3,,0.4402,0.6993,0.5429,0.6113,,0.5603,0.7198,0.6603,0.6772,,0.5801,0.7371,0.6792,0.6927,,0.4034,0.6783,0.4988,,0.4804,0.7478,0.5733,,0.4363,0.6720,0.5543,,2.77,4.29,5.88,0.8863,4.2760,0.7591,1.4068,1.0317,2.8148,5.8513,0.9050,,./results/res_energy_64_64_-4.0_1.3_0.02.log
61,energy,128,64,0.02,-4,2,,0.4340,0.7722,0.4977,0.6053,,0.5782,0.7782,0.6293,0.6754,,0.5871,0.7948,0.6392,0.6833,,0.3951,0.7649,0.4496,,0.4747,0.8393,0.5222,,0.4317,0.7200,0.5188,,3.19,4.46,5.78,0.8699,4.4546,0.6701,1.3576,0.9623,3.1607,5.8409,0.9174,,./results/res_energy_128_64_-4.0_2.0_0.02.log
62,energy,128,64,0.02,-5,1.8,,0.4321,0.7056,0.5271,0.6034,,0.5758,0.7290,0.6546,0.6778,,0.5834,0.7414,0.6641,0.6830,,0.4191,0.7143,0.5035,,0.4715,0.7654,0.5511,,0.4079,0.6458,0.5255,,3.24,4.56,5.89,0.8643,4.5331,0.7018,1.1821,0.9475,3.2138,6.0209,0.9115,,./results/res_energy_128_64_-5.0_1.8_0.02.log
63,energy,128,64,0.02,-10,2.3,,0.3346,0.4899,0.5136,0.5015,,0.4967,0.5692,0.6449,0.6037,,0.4957,0.5603,0.6517,0.5957,,0.3344,0.4943,0.5082,,0.3473,0.4990,0.5333,,0.3223,0.4767,0.4989,,2.95,4.23,5.64,0.8504,4.2027,0.7150,0.9861,0.8844,2.8665,5.7265,0.9089,,./results/res_energy_128_64_-10.0_2.3_0.02.log
64,energy,256,64,0.02,-5,2,,0.4218,0.6942,0.5181,0.5934,,0.5736,0.7230,0.6467,0.6723,,0.5790,0.7300,0.6527,0.6749,,0.4229,0.7304,0.5012,,0.4479,0.7164,0.5444,,0.3962,0.6433,0.5078,,4.34,5.45,6.81,0.8430,5.4210,0.7020,1.2116,0.9987,4.1578,6.9657,0.8930,,./results/res_energy_256_64_-5.0_2.0_0.02.log
65,energy,256,64,0.02,-5,1.8,,0.4250,0.6832,0.5294,0.5965,,0.5726,0.7148,0.6555,0.6747,,0.5799,0.7254,0.6631,0.6797,,0.4275,0.7243,0.5105,,0.4511,0.7094,0.5533,,0.3986,0.6260,0.5233,,4.37,5.58,7.01,0.8492,5.5489,0.7127,1.2969,1.0314,4.2718,7.1224,0.8915,,./results/res_energy_256_64_-5.0_1.8_0.02.log
66,energy,256,64,0.02,-10,2.5,,0.3450,0.5193,0.5068,0.5130,,0.5192,0.5988,0.6407,0.6176,,0.5180,0.5900,0.6486,0.6117,,0.3613,0.5614,0.5035,,0.3498,0.5021,0.5356,,0.3253,0.5012,0.4812,,3.97,5.07,6.40,0.8321,5.0392,0.7235,1.1365,0.9814,3.7208,6.6147,0.9080,,./results/res_energy_256_64_-10.0_2.5_0.02.log
67,energy,256,64,0.02,-15,2.7,,0.3156,0.4599,0.5015,0.4798,,0.4898,0.5522,0.6376,0.5914,,0.4903,0.5465,0.6463,0.5866,,0.3257,0.4841,0.4988,,0.3190,0.4457,0.5289,,0.3028,0.4536,0.4767,,3.83,4.89,6.18,0.8243,4.8685,0.7718,1.1190,0.9687,3.4431,6.5304,0.9194,,./results/res_energy_256_64_-15.0_2.7_0.02.log
68,energy,256,64,0.02,-15,3,,0.3227,0.4827,0.4932,0.4879,,0.4947,0.5658,0.6303,0.5952,,0.4941,0.5593,0.6368,0.5891,,0.3276,0.5000,0.4871,,0.3273,0.4689,0.5200,,0.3132,0.4819,0.4723,,3.40,4.56,6.02,0.8412,4.5262,0.7598,1.0933,0.9584,3.1006,6.1397,0.9161,,./results/res_energy_256_64_-15.0_3.0_0.02.log
69,energy,256,64,0.02,-15,3.5,,0.3314,0.5210,0.4767,0.4978,,0.5026,0.5892,0.6163,0.5997,,0.5032,0.5858,0.6218,0.5947,,0.3383,0.5368,0.4778,,0.3414,0.5184,0.5000,,0.3148,0.5087,0.4523,,2.45,3.78,5.22,0.8689,3.7729,0.7805,0.7416,0.7832,2.2550,5.3770,0.9427,,./results/res_energy_256_64_-15.0_3.5_0.02.log
70,energy,512,64,0.02,-5,2,,0.4231,0.7256,0.5038,0.5947,,0.5746,0.7465,0.6329,0.6717,,0.5770,0.7595,0.6357,0.6715,,0.4268,0.7811,0.4848,,0.4490,0.7311,0.5378,,0.3950,0.6748,0.4878,,5.78,7.05,8.62,0.8550,7.0295,0.7222,1.5370,1.1163,5.7472,8.6359,0.9070,,./results/res_energy_512_64_-5.0_2.0_0.02.log
71,energy,512,64,0.02,-5,1.5,,0.4396,0.7121,0.5346,0.6108,,0.5797,0.7385,0.6565,0.6845,,0.5843,0.7508,0.6598,0.6855,,0.4349,0.7509,0.5082,,0.4653,0.7224,0.5667,,0.4190,0.6704,0.5277,,6.25,7.55,9.23,0.8521,7.5149,0.7203,2.1466,1.2968,6.3301,9.2112,0.8890,,./results/res_energy_512_64_-5.0_1.5_0.02.log
72,energy,512,64,0.02,-5,1,,0.4746,0.6713,0.6182,0.6437,,0.5775,0.6975,0.7227,0.7031,,0.5874,0.7049,0.7322,0.7078,,0.4646,0.6737,0.5995,,0.5132,0.7132,0.6467,,0.4477,0.6299,0.6075,,6.46,7.96,10.21,0.8417,8.0069,0.9698,3.2079,1.5441,6.3411,10.2204,0.8769,,./results/res_energy_512_64_-5.0_1.0_0.02.log
73,energy,512,64,0.02,-5,0.5,,0.4753,0.5718,0.7380,0.6443,,0.5306,0.5944,0.8086,0.6835,,0.5364,0.5992,0.8075,0.6837,,0.4931,0.5862,0.7564,,0.5245,0.6287,0.7600,,0.4172,0.5089,0.6984,,6.74,9.00,12.42,0.8541,9.1588,1.6568,4.6232,1.9163,6.1412,12.7684,0.9318,,./results/res_energy_512_64_-5.0_0.5_0.02.log
74,energy,512,64,0.02,-4,0.5,,0.5060,0.6216,0.7312,0.6720,,0.5635,0.6425,0.8009,0.7108,,0.5608,0.6385,0.7926,0.7028,,0.5000,0.6097,0.7354,,0.5849,0.7194,0.7578,,0.4463,0.5515,0.7007,,6.74,9.00,12.42,0.8538,9.1696,1.6690,4.6101,1.9156,6.1196,12.7956,0.9316,,./results/res_energy_512_64_-4.0_0.5_0.02.log
75,energy,512,64,0.02,-3,0.5,,0.5295,0.6825,0.7026,0.6924,,0.5911,0.7034,0.7691,0.7322,,0.5817,0.6942,0.7569,0.7196,,0.4957,0.6582,0.6674,,0.6134,0.7895,0.7333,,0.4900,0.6163,0.7051,,6.63,8.97,12.42,0.8585,9.1599,1.6720,4.4743,1.8814,6.1122,12.8002,0.9317,,./results/res_energy_512_64_-3.0_0.5_0.02.log
76,energy,512,64,0.02,-3,0.7,,0.5238,0.7346,0.6461,0.6875,,0.6119,0.7546,0.7357,0.7382,,0.6048,0.7468,0.7262,0.7275,,0.5095,0.7335,0.6253,,0.5681,0.8065,0.6578,,0.4975,0.6751,0.6541,,6.51,8.51,11.45,0.8636,8.6437,1.4572,3.6621,1.6860,5.9579,11.7867,0.9250,,./results/res_energy_512_64_-3.0_0.7_0.02.log
77,energy,1024,64,0.02,-5,1,,0.4789,0.7591,0.5648,0.6477,,0.6233,0.7896,0.6795,0.7214,,0.6330,0.8062,0.6895,0.7289,,0.4776,0.7833,0.5504,,0.5385,0.8273,0.6067,,0.4268,0.6760,0.5366,,9.44,10.89,13.47,0.8240,10.7203,1.7006,7.2780,2.2391,7.6761,14.4783,0.9047,,./results/res_energy_1024_64_-5.0_1.0_0.02.log
78,energy,1024,64,0.02,-5,0.8,,0.4908,0.7529,0.5851,0.6585,,0.6195,0.7886,0.6863,0.7280,,0.6323,0.8041,0.6986,0.7380,,0.4770,0.7677,0.5574,,0.5624,0.8378,0.6311,,0.4404,0.6658,0.5654,,11.70,12.88,15.90,0.8353,12.7082,2.7828,10.3697,2.5945,7.3239,18.4549,0.9310,,./results/res_energy_1024_64_-5.0_0.8_0.02.log
79,energy,1024,64,0.02,-5,0.6,,0.5217,0.7594,0.6250,0.6857,,0.6367,0.7957,0.7149,0.7491,,0.6509,0.8095,0.7279,0.7593,,0.5100,0.7815,0.5948,,0.5968,0.8436,0.6711,,0.4668,0.6683,0.6075,,11.58,13.01,16.55,0.8265,12.9863,2.7921,10.4265,2.5896,7.6746,18.8429,0.9315,,./results/res_energy_1024_64_-5.0_0.6_0.02.log
80,energy,1024,64,0.02,-5,0.3,,0.5668,0.7249,0.7221,0.7235,,0.6576,0.7702,0.7846,0.7770,,0.6635,0.7725,0.7902,0.7791,,0.5840,0.7593,0.7166,,0.6528,0.8171,0.7644,,0.4821,0.6192,0.6851,,11.07,13.26,17.59,0.8332,13.3702,3.2182,10.9960,2.6356,7.0300,19.9026,0.9340,,./results/res_energy_1024_64_-5.0_0.3_0.02.log
81,energy,1024,64,0.02,-6,0.3,,0.5447,0.6871,0.7244,0.7053,,0.6417,0.7395,0.7890,0.7634,,0.6476,0.7420,0.7947,0.7653,,0.5699,0.7260,0.7260,,0.6257,0.7706,0.7689,,0.4574,0.5840,0.6785,,10.98,13.23,17.59,0.8306,13.3428,3.2328,11.2889,2.6740,6.9960,19.9272,0.9321,,./results/res_energy_1024_64_-6.0_0.3_0.02.log
82,energy,1024,64,0.02,-6,0.4,,0.5318,0.7029,0.6860,0.6944,,0.6378,0.7531,0.7608,0.7563,,0.6478,0.7586,0.7717,0.7623,,0.5478,0.7337,0.6838,,0.5963,0.7816,0.7156,,0.4641,0.6111,0.6585,,11.10,13.14,17.25,0.8299,13.1715,3.3338,11.4016,2.6859,6.5990,19.9340,0.9333,,./results/res_energy_1024_64_-6.0_0.4_0.02.log
83,complex,64,64,0.02,-7,2,,0.3731,0.5584,0.5294,0.5435,,0.4824,0.5879,0.6527,0.6114,,0.4972,0.5920,0.6661,0.6171,,0.3350,0.5344,0.4731,,0.3881,0.5850,0.5356,,0.3939,0.5544,0.5765,,1.38,3.56,5.65,0.9175,3.5788,0.9285,1.3543,1.0940,1.7355,5.4494,0.9190,,./results/res_complex_64_64_-7.0_2.0_0.02.log
84,complex,64,64,0.02,-5,1,,0.2618,0.2791,0.8080,0.4149,,0.3459,0.3578,0.8539,0.4981,,0.3876,0.3984,0.8440,0.5191,,0.1981,0.2147,0.7190,,0.3687,0.3946,0.8489,,0.2538,0.2656,0.8514,,1.31,4.98,7.99,0.9199,4.6722,1.1870,3.6794,1.7584,2.0660,6.8141,0.8894,,./results/res_complex_64_64_-5.0_1.0_0.02.log
85,complex,64,64,0.02,-10,2,,0.3330,0.4701,0.5331,0.4996,,0.4531,0.5253,0.6561,0.5816,,0.4652,0.5288,0.6675,0.5825,,0.3031,0.4471,0.4848,,0.3385,0.4810,0.5333,,0.3556,0.4798,0.5787,,1.30,3.55,5.65,0.9167,3.5655,0.9360,1.3735,1.1020,1.7145,5.4586,0.9196,,./results/res_complex_64_64_-10.0_2.0_0.02.log
86,complex,64,64,0.02,-10,3,,0.3516,0.5771,0.4736,0.5203,,0.4921,0.6161,0.6043,0.6033,,0.5052,0.6240,0.6151,0.6096,,0.3486,0.5841,0.4637,,0.3553,0.5775,0.4800,,0.3507,0.5703,0.4767,,1.11,2.99,4.78,0.9300,3.0016,0.7940,0.6304,0.7690,1.4081,4.5843,0.9447,,./results/res_complex_64_64_-10.0_3.0_0.02.log
87,complex,128,64,0.02,-10,3,,0.3671,0.6137,0.4774,0.5371,,0.5140,0.6469,0.6105,0.6195,,0.5257,0.6573,0.6213,0.6253,,0.3638,0.6238,0.4660,,0.3735,0.6128,0.4889,,0.3638,0.6056,0.4767,,1.47,3.22,5.00,0.9196,3.2330,0.8259,0.6932,0.7863,1.6108,4.9143,0.9401,,./results/res_complex_128_64_-10.0_3.0_0.02.log
88,complex,128,64,0.02,-5,2,,0.4166,0.6663,0.5264,0.5881,,0.5275,0.6832,0.6456,0.6512,,0.5539,0.7018,0.6651,0.6682,,0.3580,0.6517,0.4426,,0.4337,0.6914,0.5378,,0.4527,0.6553,0.5942,,2.00,3.90,5.88,0.8984,3.9174,0.8030,0.9417,0.8985,2.3829,5.5949,0.9031,,./results/res_complex_128_64_-5.0_2.0_0.02.log
89,complex,128,64,0.02,-5,1.8,,0.4246,0.6489,0.5512,0.5961,,0.5256,0.6684,0.6641,0.6558,,0.5536,0.6888,0.6833,0.6726,,0.3657,0.6426,0.4590,,0.4493,0.6781,0.5711,,0.4529,0.6284,0.6186,,2.15,4.10,6.13,0.9044,4.0922,0.8416,1.2249,1.0268,2.4456,5.8119,0.9217,,./results/res_complex_128_64_-5.0_1.8_0.02.log
90,complex,128,64,0.02,-15,3,,0.3403,0.5413,0.4782,0.5078,,0.4877,0.5923,0.6110,0.5970,,0.4998,0.6022,0.6217,0.6022,,0.3379,0.5512,0.4660,,0.3458,0.5362,0.4933,,0.3370,0.5377,0.4745,,1.37,3.21,5.06,0.9197,3.2259,0.8256,0.7127,0.7946,1.6093,4.9117,0.9381,,./results/res_complex_128_64_-15.0_3.0_0.02.log
91,complex,256,64,0.02,-10,2,,0.3893,0.5791,0.5429,0.5604,,0.5314,0.6326,0.6645,0.6448,,0.5427,0.6350,0.6795,0.6493,,0.3503,0.5613,0.4824,,0.3794,0.5784,0.5244,,0.4346,0.5936,0.6186,,2.25,4.23,6.29,0.9029,4.2392,0.8255,1.0160,0.9553,2.6929,5.9949,0.8999,,./results/res_complex_256_64_-10.0_2.0_0.02.log
92,complex,256,64,0.02,-10,2.5,,0.3826,0.6151,0.5030,0.5534,,0.5347,0.6560,0.6345,0.6382,,0.5457,0.6616,0.6455,0.6438,,0.3686,0.6254,0.4731,,0.3719,0.6016,0.4933,,0.4060,0.6193,0.5410,,2.02,3.85,5.78,0.9087,3.8622,0.7843,0.8484,0.8708,2.3550,5.4923,0.9017,,./results/res_complex_256_64_-10.0_2.5_0.02.log
93,phase,64,64,0.02,-10,2,,0.2624,0.3364,0.5437,0.4157,,0.3420,0.3823,0.6622,0.4840,,0.3681,0.4031,0.6690,0.4913,,0.2703,0.3517,0.5386,,0.2588,0.3329,0.5378,,0.2588,0.3268,0.5543,,1.03,3.44,5.48,0.9017,3.4113,1.0849,2.4972,1.3554,1.0873,5.4268,0.9350,,./results/res_phase_64_64_-10.0_2.0_0.02.log
94,phase,64,64,0.02,-5,2,,0.3313,0.4673,0.5324,0.4977,,0.3988,0.4847,0.6492,0.5470,,0.4356,0.5190,0.6584,0.5665,,0.3277,0.4842,0.5035,,0.3537,0.5062,0.5400,,0.3148,0.4228,0.5521,,1.06,3.44,5.43,0.8982,3.4165,1.0661,2.5031,1.3526,1.1065,5.3710,0.9340,,./results/res_phase_64_64_-5.0_2.0_0.02.log
95,phase,64,64,0.02,-5,1,,0.1329,0.1404,0.7116,0.2345,,0.2101,0.2155,0.7819,0.3320,,0.2560,0.2608,0.7898,0.3669,,0.1106,0.1175,0.6534,,0.1340,0.1401,0.7556,,0.1587,0.1690,0.7228,,0.94,4.50,7.17,0.8995,4.2567,1.4198,5.6674,2.0749,1.0512,6.7303,0.9067,,./results/res_phase_64_64_-5.0_1.0_0.02.log
96,phase,64,64,0.02,-5,2.5,,0.3451,0.5279,0.4992,0.5132,,0.4302,0.5427,0.6233,0.5688,,0.4619,0.5673,0.6369,0.5861,,0.3289,0.5339,0.4614,,0.3781,0.5893,0.5133,,0.3305,0.4747,0.5211,,0.90,3.09,5.03,0.9246,3.0799,0.9794,1.8728,1.1976,1.0164,4.9339,0.9479,,./results/res_phase_64_64_-5.0_2.5_0.02.log
97,phase,64,64,0.02,-10,2.7,,0.2833,0.3952,0.5000,0.4415,,0.3775,0.4378,0.6274,0.5132,,0.3994,0.4509,0.6367,0.5189,,0.2836,0.4027,0.4895,,0.2940,0.4104,0.5089,,0.2729,0.3748,0.5011,,0.53,2.89,4.92,0.9428,2.8852,0.9605,1.1646,1.0141,0.9308,4.7730,0.9448,,./results/res_phase_64_64_-10.0_2.7_0.02.log
98,phase,64,64,0.02,-10,3,,0.2914,0.4220,0.4849,0.4513,,0.3901,0.4626,0.6124,0.5236,,0.4132,0.4759,0.6201,0.5307,,0.2932,0.4353,0.4731,,0.3064,0.4436,0.4978,,0.2759,0.3914,0.4834,,0.04,2.65,5.12,0.9736,2.6316,0.9496,0.8398,0.8762,0.7185,4.5170,0.9573,,./results/res_phase_64_64_-10.0_3.0_0.02.log
99,phase,64,64,0.02,-10,3.5,,0.2798,0.4303,0.4443,0.4372,,0.3857,0.4709,0.5741,0.5132,,0.4088,0.4854,0.5801,0.5215,,0.2976,0.4560,0.4614,,0.3080,0.4731,0.4689,,0.2388,0.3692,0.4035,,0.11,1.92,3.83,0.9576,1.9153,0.8632,0.7647,0.8123,0.1232,3.5759,0.9739,,./results/res_phase_64_64_-10.0_3.5_0.02.log
100,phase,128,64,0.02,-5,2,,0.3530,0.5446,0.5008,0.5218,,0.4433,0.5594,0.6265,0.5792,,0.4720,0.5817,0.6386,0.5941,,0.3345,0.5591,0.4543,,0.3839,0.5974,0.5178,,0.3415,0.4917,0.5277,,1.65,3.40,5.19,0.9023,3.4155,0.9300,0.7653,0.8212,1.5735,5.2936,0.9515,,./results/res_phase_128_64_-5.0_2.0_0.02.log
101,phase,128,64,0.02,-5,2.3,,0.3591,0.5691,0.4932,0.5284,,0.4551,0.5821,0.6204,0.5873,,0.4826,0.6041,0.6319,0.6022,,0.3375,0.5828,0.4450,,0.3879,0.6166,0.5111,,0.3518,0.5199,0.5211,,1.54,3.25,5.01,0.8977,3.2715,0.9413,0.7856,0.8331,1.4079,5.1732,0.9474,,./results/res_phase_128_64_-5.0_2.3_0.02.log
102,phase,128,64,0.02,-5,2.5,,0.3593,0.5800,0.4857,0.5287,,0.4598,0.5929,0.6136,0.5894,,0.4831,0.6098,0.6229,0.6009,,0.3400,0.5987,0.4403,,0.3861,0.6219,0.5044,,0.3517,0.5312,0.5100,,1.44,3.16,4.98,0.9054,3.1796,0.9318,0.7570,0.8229,1.3513,5.0784,0.9472,,./results/res_phase_128_64_-5.0_2.5_0.02.log
103,phase,128,64,0.02,-4,2.4,,0.3627,0.6127,0.4706,0.5324,,0.4601,0.6189,0.5965,0.5901,,0.4863,0.6418,0.6069,0.6047,,0.3201,0.6259,0.3958,,0.4011,0.6778,0.4956,,0.3646,0.5534,0.5166,,1.48,3.19,5.02,0.9056,3.2247,0.9461,0.7722,0.8290,1.3594,5.1436,0.9516,,./results/res_phase_128_64_-4.0_2.4_0.02.log
104,phase,256,64,0.02,-5,2,,0.4029,0.6614,0.5075,0.5744,,0.5197,0.6766,0.6321,0.6397,,0.5401,0.6897,0.6480,0.6532,,0.3650,0.6598,0.4496,,0.4167,0.6928,0.5111,,0.4235,0.6364,0.5588,,1.89,3.61,5.42,0.8917,3.6241,0.9442,0.9133,0.8845,1.7862,5.5630,0.9518,,./results/res_phase_256_64_-5.0_2.0_0.02.log
105,phase,256,64,0.02,-10,2.5,,0.3487,0.5388,0.4970,0.5170,,0.4958,0.5916,0.6295,0.6059,,0.5086,0.5978,0.6412,0.6121,,0.3367,0.5356,0.4754,,0.3612,0.5653,0.5000,,0.3478,0.5179,0.5144,,1.63,3.39,5.23,0.8985,3.4050,0.9002,0.8287,0.8507,1.6479,5.2487,0.9491,,./results/res_phase_256_64_-10.0_2.5_0.02.log
106,phase,256,64,0.02,-10,2.8,,0.3493,0.5667,0.4767,0.5178,,0.5035,0.6120,0.6135,0.6068,,0.5125,0.6174,0.6202,0.6094,,0.3489,0.5706,0.4731,,0.3667,0.5946,0.4889,,0.3333,0.5369,0.4678,,1.56,3.22,4.89,0.8942,3.2335,0.8373,0.7928,0.8351,1.5927,4.9418,0.9360,,./results/res_phase_256_64_-10.0_2.8_0.02.log
107,phase,256,64,0.02,-5,2.2,,0.4043,0.6829,0.4977,0.5758,,0.5265,0.6959,0.6237,0.6425,,0.5458,0.7087,0.6376,0.6552,,0.3682,0.6810,0.4450,,0.4243,0.7276,0.5044,,0.4178,0.6472,0.5410,,1.81,3.53,5.35,0.8956,3.5567,0.8994,0.8352,0.8461,1.8061,5.4038,0.9536,,./results/res_phase_256_64_-5.0_2.2_0.02.log
108,phase,256,64,0.02,-5,2.3,,0.4054,0.6934,0.4940,0.5770,,0.5300,0.7048,0.6210,0.6440,,0.5489,0.7179,0.6354,0.6568,,0.3694,0.6963,0.4403,,0.4248,0.7338,0.5022,,0.4194,0.6576,0.5366,,1.75,3.48,5.31,0.8979,3.5066,0.8951,0.8386,0.8484,1.7617,5.3420,0.9489,,./results/res_phase_256_64_-5.0_2.3_0.02.log
109,phase,256,64,0.02,-6,2.5,,0.3937,0.6653,0.4910,0.5650,,0.5275,0.6808,0.6237,0.6366,,0.5471,0.7033,0.6377,0.6513,,0.3762,0.6759,0.4590,,0.4103,0.7000,0.4978,,0.3939,0.6270,0.5144,,1.63,3.38,5.22,0.8988,3.4053,0.8859,0.8107,0.8431,1.6756,5.2193,0.9436,,./results/res_phase_256_64_-6.0_2.5_0.02.log
110,phase,512,64,0.02,-5,2,,0.4362,0.7565,0.5075,0.6075,,0.5793,0.7703,0.6342,0.6795,,0.5994,0.7886,0.6550,0.6974,,0.3868,0.7611,0.4403,,0.4464,0.7842,0.5089,,0.4707,0.7301,0.5698,,2.43,3.96,5.67,0.8828,3.9983,0.9029,0.8917,0.8644,2.2415,5.8531,0.9419,,./results/res_phase_512_64_-5.0_2.0_0.02.log
111,phase,512,64,0.02,-10,2.5,,0.3758,0.6157,0.4910,0.5463,,0.5451,0.6629,0.6272,0.6383,,0.5605,0.6799,0.6448,0.6522,,0.3787,0.6378,0.4824,,0.3784,0.6225,0.4911,,0.3707,0.5906,0.4989,,2.25,3.70,5.34,0.8834,3.7383,0.8198,0.8113,0.8298,2.1312,5.4106,0.9381,,./results/res_phase_512_64_-10.0_2.5_0.02.log
112,phase,512,64,0.02,-5,1,,0.4181,0.5246,0.6732,0.5897,,0.5056,0.5699,0.7600,0.6508,,0.5340,0.5979,0.7740,0.6671,,0.4059,0.5472,0.6112,,0.3953,0.4926,0.6667,,0.4524,0.5388,0.7384,,2.50,4.77,6.83,0.8770,4.6443,1.0996,1.9350,1.2031,2.4711,6.8694,0.9421,,./results/res_phase_512_64_-5.0_1.0_0.02.log
113,specdiff,64,64,0.02,-48,0.75,,0.0831,0.0853,0.7651,0.1535,,0.1488,0.1503,0.8252,0.2483,,0.1706,0.1721,0.8185,0.2697,,0.0768,0.0790,0.7283,,0.0683,0.0696,0.7800,,0.1169,0.1207,0.7849,,1.11,5.26,8.20,0.8730,5.0684,1.4990,7.9556,2.4217,1.5652,7.5613,0.8809,,./results/res_specdiff_64_64_-48.0_0.75_0.02.log
114,specdiff,64,64,0.02,-5,1,,0.1660,0.1735,0.7937,0.2847,,0.2550,0.2609,0.8422,0.3890,,0.3012,0.3070,0.8418,0.4241,,0.1726,0.1851,0.7190,,0.1259,0.1297,0.8133,,0.2290,0.2390,0.8448,,1.12,5.02,7.77,0.8843,4.6607,1.3171,5.5297,2.0328,1.6470,6.9155,0.9009,,./results/res_specdiff_64_64_-5.0_1.0_0.02.log
115,specdiff,64,64,0.02,-5,2,,0.4056,0.6323,0.5309,0.5772,,0.5285,0.6634,0.6495,0.6486,,0.5534,0.7009,0.6653,0.6681,,0.3912,0.6788,0.4801,,0.3921,0.5785,0.5489,,0.4332,0.6554,0.5610,,1.52,3.83,5.54,0.8908,3.8736,1.0183,3.9875,1.7254,1.5604,5.6337,0.9044,,./results/res_specdiff_64_64_-5.0_2.0_0.02.log
116,specdiff,64,64,0.02,-5,1.5,,0.3368,0.4289,0.6107,0.5039,,0.4244,0.4803,0.7082,0.5721,,0.4788,0.5442,0.7269,0.6115,,0.3519,0.4958,0.5480,,0.2760,0.3362,0.6067,,0.4032,0.5008,0.6741,,1.42,4.27,6.25,0.8841,4.2721,1.2232,4.8713,1.8706,1.4994,6.3921,0.9016,,./results/res_specdiff_64_64_-5.0_1.5_0.02.log
117,specdiff,64,64,0.02,-10,2,,0.3333,0.4639,0.5422,0.5000,,0.4692,0.5360,0.6633,0.5923,,0.4796,0.5427,0.6767,0.5943,,0.3294,0.4733,0.5199,,0.3166,0.4293,0.5467,,0.3554,0.4941,0.5588,,1.52,3.82,5.62,0.8903,3.8740,1.0197,4.0908,1.7603,1.5653,5.6441,0.8994,,./results/res_specdiff_64_64_-10.0_2.0_0.02.log
118,specdiff,64,64,0.02,-10,2.2,,0.3447,0.5025,0.5233,0.5127,,0.4864,0.5670,0.6491,0.6035,,0.4930,0.5694,0.6619,0.6036,,0.3380,0.5023,0.5082,,0.3381,0.4876,0.5244,,0.3580,0.5182,0.5366,,1.46,3.62,5.35,0.8978,3.6692,0.9506,3.1964,1.4969,1.5435,5.3459,0.9120,,./results/res_specdiff_64_64_-10.0_2.2_0.02.log
119,specdiff,512,64,0.02,-5,2,,0.4343,0.7506,0.5075,0.6056,,0.5885,0.7662,0.6391,0.6812,,0.6038,0.7839,0.6559,0.6956,,0.4262,0.8112,0.4731,,0.4406,0.7616,0.5111,,0.4353,0.6974,0.5366,,4.02,5.52,7.06,0.8694,5.5106,0.8201,1.0095,0.9176,3.9331,7.2136,0.9268,,./results/res_specdiff_512_64_-5.0_2.0_0.02.log
120,specdiff,512,64,0.02,-10,2,,0.3820,0.6007,0.5120,0.5528,,0.5463,0.6547,0.6438,0.6446,,0.5561,0.6613,0.6601,0.6535,,0.3766,0.6202,0.4895,,0.3841,0.6010,0.5156,,0.3849,0.5844,0.5299,,4.02,5.51,7.06,0.8647,5.4972,0.8115,1.0747,0.9448,3.9459,7.1920,0.9221,,./results/res_specdiff_512_64_-10.0_2.0_0.02.log
121,specdiff,512,64,0.02,-5,1,,0.4370,0.6272,0.5904,0.6082,,0.5533,0.6663,0.6978,0.6774,,0.5671,0.6742,0.7122,0.6873,,0.4039,0.6338,0.5269,,0.4364,0.6580,0.5644,,0.4656,0.5992,0.6763,,4.61,6.45,8.48,0.8776,6.4460,0.9559,1.6357,1.1446,4.6388,8.4626,0.9150,,./results/res_specdiff_512_64_-5.0_1.0_0.02.log
122,kl,512,64,0.02,-5,2,,0.4909,0.7469,0.5889,0.6585,,0.6195,0.7771,0.6960,0.7267,,0.6348,0.7939,0.7089,0.7348,,0.4175,0.7621,0.4801,,0.5155,0.7441,0.6267,,0.5315,0.7393,0.6541,,3.68,6.64,9.78,0.9182,6.6006,0.9067,2.2536,1.4618,4.8379,8.4649,0.8694,,./results/res_kl_512_64_-5.0_2.0_0.02.log
123,kl,512,64,0.02,-5,1.5,,0.5636,0.7312,0.7108,0.7209,,0.6550,0.7676,0.7828,0.7737,,0.6622,0.7773,0.7862,0.7754,,0.4709,0.7319,0.5691,,0.5425,0.6980,0.7089,,0.6690,0.7610,0.8470,,4.08,7.34,10.68,0.9163,7.1951,1.0936,2.8624,1.6434,5.0353,9.4097,0.8824,,./results/res_kl_512_64_-5.0_1.5_0.02.log
124,kl,512,64,0.02,-6,1.5,,0.5450,0.6952,0.7161,0.7055,,0.6427,0.7373,0.7915,0.7625,,0.6531,0.7471,0.7981,0.7664,,0.4620,0.6898,0.5831,,0.5261,0.6653,0.7156,,0.6397,0.7266,0.8426,,4.11,7.30,10.57,0.9085,7.1725,1.1054,3.0261,1.6851,5.0091,9.4308,0.8805,,./results/res_kl_512_64_-6.0_1.5_0.02.log
125,mkl,512,64,0.02,-10,2,,0.3884,0.6475,0.4925,0.5595,,0.5640,0.6905,0.6297,0.6512,,0.5686,0.6986,0.6395,0.6548,,0.4008,0.7031,0.4824,,0.3813,0.6064,0.5067,,0.3846,0.6452,0.4878,,3.38,5.21,7.15,0.8746,5.2648,0.7513,1.0799,0.9888,3.8653,6.8704,0.8920,,./results/res_mkl_512_64_-10.0_2.0_0.02.log
126,mkl,512,64,0.02,-5,1,,0.6027,0.7012,0.8110,0.7521,,0.6778,0.7444,0.8581,0.7972,,0.6889,0.7625,0.8527,0.8017,,0.5351,0.7382,0.6604,,0.5652,0.6347,0.8378,,0.7049,0.7464,0.9268,,3.25,7.00,10.79,0.9545,6.7010,1.1716,2.2340,1.4372,4.3749,9.0612,0.8968,,./results/res_mkl_512_64_-5.0_1.0_0.02.log
127,mkl,512,64,0.02,-6,1,,0.5755,0.6642,0.8117,0.7306,,0.6553,0.7120,0.8615,0.7796,,0.6694,0.7318,0.8579,0.7863,,0.5144,0.6892,0.6698,,0.5380,0.6029,0.8333,,0.6726,0.7116,0.9246,,3.25,6.96,10.79,0.9508,6.6598,1.2066,2.3925,1.4887,4.2846,9.1111,0.9036,,./results/res_mkl_512_64_-6.0_1.0_0.02.log
128,mkl,512,64,0.02,-6,1.3,,0.4839,0.7131,0.6009,0.6522,,0.6088,0.7458,0.7082,0.7200,,0.6306,0.7645,0.7231,0.7339,,0.4308,0.7340,0.5105,,0.4684,0.6899,0.5933,,0.5462,0.7195,0.6940,,3.65,6.12,8.78,0.9160,6.1073,0.9321,1.5503,1.1965,4.3159,8.0441,0.9005,,./results/res_mkl_512_64_-6.0_1.3_0.02.log
129,mkl,512,64,0.02,-5,0.6,,0.5196,0.5591,0.8803,0.6838,,0.5809,0.6094,0.9071,0.7273,,0.5878,0.6237,0.8872,0.7270,,0.5058,0.5680,0.8220,,0.4578,0.4883,0.8800,,0.6107,0.6375,0.9357,,3.43,7.80,12.33,0.9358,7.5064,1.4692,3.8517,1.9009,4.6554,10.5322,0.8733,,./results/res_mkl_512_64_-5.0_0.6_0.02.log
130,mkl,512,64,0.02,-5,1.2,,0.5355,0.7476,0.6536,0.6975,,0.6390,0.7769,0.7432,0.7549,,0.6611,0.7974,0.7565,0.7680,,0.4597,0.7677,0.5340,,0.5026,0.7090,0.6333,,0.6362,0.7684,0.7871,,3.60,6.38,9.32,0.9251,6.2901,1.0915,1.6673,1.2454,4.1636,8.5296,0.9048,,./results/res_mkl_512_64_-5.0_1.2_0.02.log
131,specflux,512,64,0.02,-5,1,,0.2482,0.2611,0.8336,0.3976,,0.3156,0.3235,0.8764,0.4681,,0.3677,0.3791,0.8713,0.5080,,0.2314,0.2469,0.7869,,0.2171,0.2252,0.8578,,0.3128,0.3305,0.8537,,2.30,5.46,8.48,0.9196,5.1610,1.0893,2.8767,1.4655,2.9394,7.2966,0.9122,,./results/res_specflux_512_64_-5.0_1.0_0.02.log
132,specflux,512,64,0.02,-5,2,,0.4226,0.5986,0.5896,0.5941,,0.5340,0.6394,0.6959,0.6629,,0.5674,0.6768,0.7180,0.6860,,0.3966,0.6594,0.4988,,0.3807,0.5186,0.5889,,0.4919,0.6435,0.6763,,2.46,4.33,6.34,0.8838,4.2908,0.9462,1.1040,0.9598,2.4677,6.2523,0.9345,,./results/res_specflux_512_64_-5.0_2.0_0.02.log